{
	"name":"AUTO",
	"Analysis":{
		"Time":["230418","230419"],
		"Low":[18.03,18.03],
		"Median":[24.11,24.11],
		"High":[36.16,36.16]
	},
	"FinancialCalendar":{
		"Time":["211124","211124","211216","220217","220512","220512","220519","220818","220818","220831","221110","221110","230216","230216","230427"],
		"Type":["Earnings Call","Earnings Call","Presentation","Earnings Call","Capital Markets Day","Earnings Call","Shareholder meeting","Earnings Call","Earnings Call","Presentation","Earnings Call","Earnings Call","Earnings Call","Earnings Call","Earnings Call"]
	},
	"QuarterlySurpriseEPS":{
		"Time":["200205","200205","200205","200205","200505","200505","200725","200725","201025","201025"],
		"Difference%":[-0.00823,0.00543,0.001,0.008,0.00526,0.006,0.00801,0.011,0.00899,0.004]
	},
	"Quotes":{
		"Time":["211020","211021","211022","211025","211026","211027","211028","211029","211101","211102","211103","211104","211105","211108","211109","211110","211111","211112","211115","211116","211117","211118","211119","211122","211123","211124","211125","211126","211129","211130","211201","211202","211203","211206","211207","211208","211209","211210","211213","211214","211215","211216","211217","211220","211221","211222","211223","211227","211228","211229","211230","220103","220104","220105","220106","220107","220110","220111","220112","220113","220114","220117","220118","220119","220120","220121","220124","220125","220126","220127","220128","220131","220201","220202","220203","220204","220207","220208","220209","220210","220211","220214","220215","220216","220217","220218","220221","220222","220223","220224","220225","220228","220301","220302","220303","220304","220307","220308","220309","220310","220311","220314","220315","220316","220317","220318","220321","220322","220323","220324","220325","220328","220329","220330","220331","220401","220404","220405","220406","220407","220408","220411","220412","220413","220419","220420","220421","220422","220425","220426","220427","220428","220429","220502","220503","220504","220505","220506","220509","220510","220511","220512","220513","220516","220518","220519","220520","220523","220524","220525","220527","220530","220531","220601","220602","220603","220607","220608","220609","220610","220613","220614","220615","220616","220617","220620","220621","220622","220623","220624","220627","220628","220629","220630","220701","220704","220705","220706","220707","220708","220711","220712","220713","220714","220715","220718","220719","220720","220721","220722","220725","220726","220727","220728","220729","220801","220802","220803","220804","220805","220808","220809","220810","220811","220812","220815","220816","220817","220818","220819","220822","220823","220824","220825","220826","220829","220830","220831","220901","220902","220905","220906","220907","220908","220909","220912","220913","220914","220915","220916","220919","220920","220921","220922","220923","220926","220927","220928","220929","220930","221003","221004","221005","221006","221007","221010","221011","221012","221013","221014","221017","221018","221019","221020","221021","221024","221025","221026","221027","221028","221031","221101","221102","221103","221104","221107","221108","221109","221110","221111","221114","221115","221116","221117","221118","221121","221122","221123","221124","221125","221128","221129","221130","221201","221202","221205","221206","221207","221208","221209","221212","221213","221214","221215","221216","221219","221220","221221","221222","221223","221227","221228","221229","221230","230102","230103","230104","230105","230106","230109","230110","230111","230112","230113","230116","230117","230118","230119","230120","230123","230124","230125","230126","230127","230130","230131","230201","230202","230203","230206","230207","230208","230209","230210","230213","230214","230215","230216","230217","230220","230221","230222","230223","230224","230227","230228","230301","230302","230303","230306","230307","230308","230309","230310","230313","230314","230315","230316","230317","230320","230321","230322","230323","230324","230327","230328","230329","230330","230331","230403","230404","230405","230411","230412","230413","230414","230417","230418","230419","230420","230421","230424","230425","230426","230427","230428","230502","230503","230504","230505","230508","230509","230510","230511","230512"],
		"Close":[32,34.735,36.78,36.24,37,35.84,34.75,33.295,34,34.865,36.58,38.5,40,40.7,44.78,40.65,38.99,40.045,39.1,40.545,40.17,40.985,42,42.005,39.99,40.225,40.65,39.85,41.785,45.2,42.885,44,41.875,42.12,43.46,42.09,40.65,39.33,41.5,35.95,36,36.38,33.96,31,30.09,30.09,29.975,31.52,31.98,36.13,34.785,34.85,34.9,35.06,36.195,37.09,36.58,35.655,34.725,33.49,30.725,31.36,27.005,25.69,25.83,22.74,21.505,20.92,23.46,23.3,22.18,24.95,26.2,26.985,24.6,23.67,23.82,24.755,26.25,26.76,25.945,25.085,25.3,26.29,29.345,26.345,26.2,27.28,28.1,27.25,28.635,29.585,31.255,33.755,33.995,31.42,29.06,27.81,30.15,30.675,30.65,31.305,29.89,31,32.21,34.585,33.525,32,29.895,29.135,29.26,30.23,32.135,33.065,32.23,31.4,29.5,31.15,30.22,29.24,27.5,24.84,25.7,25.99,25.59,26,27.06,25.79,25.04,24.38,22.75,20.8,21.4,21,20.75,21,20.28,18.89,18.8,19.965,19.19,17.97,18.805,18.995,20.84,21.15,19.75,19.885,19.29,18.9,20.34,21.37,22.32,22.2,23.5,22.56,22.9,23.01,22.34,21.93,21.73,20.19,21.08,21.06,20.77,20.75,19.16,18.855,17.5,17.495,17.31,16.955,16.24,14,14.705,15.04,14.845,15.9,16.1,16.39,16.25,15.475,14.915,15.09,15.265,16.165,16.525,17.285,17.06,17.29,16.605,15.37,15.56,16.85,17.84,18.09,17.285,17.96,19.025,18.575,17.885,17.13,17,16.99,16.6,16.325,15.565,15.155,14.42,14.68,14.335,14.05,14.35,13.595,13.825,13.615,12.99,13.2,12.905,13.51,13.54,13.89,13.65,13.45,14.89,15.35,13.535,11.9,12.245,12.195,12.55,12.25,11.75,11.33,10.88,11.53,11.61,11.86,11.61,12.02,12.95,14.385,14.4,14.075,14.235,14.295,14.3,15.105,15.01,16.335,16.445,18.235,18.865,18.02,17.63,17.45,19.005,20,20.17,19.33,19.63,21.82,19.925,19.82,21,21.72,22.33,21.49,20.56,21.3,19.96,19.485,18.15,17.925,18.15,17.99,17.8,17.975,19.42,20.26,17.75,17.63,17.81,18.425,19.035,18.42,18.335,17.95,17.58,18.36,18.765,20.6,19.16,18.665,17.9,18,17.82,18.585,17.76,18.285,18.28,17.675,17.615,17.925,18.47,20.2,20.83,22,23.67,25.38,24.31,26.34,27.74,25.23,22.36,21.97,22.21,21.53,22.57,23.15,23.85,21.57,22.24,22.75,22.82,22.89,23.72,23.13,23.77,23.58,24.16,24.54,23.23,22.14,21.54,22.01,22.31,21.59,22.01,21.69,21.61,20.86,21.9,21.66,22.06,21.63,21.93,21.66,22.87,23.4,23.56,22.73,23.93,23.11,21.83,22.68,20.76,21.43,20.68,21.35,21.54,21.69,20.91,20.03,21.68,21.09,22.59,23.9,22.47,23.02,23.31,23.92,22.97,23.74,22.99,22.68,22.61,22.75,22.25,21.69,21.76,21.87,20.43,20.58,25,22.83,22.5,21.67,21.59,21.63,22,21.09,21.28,21.19,21.09],