{
	"name":"CADLR",
	"Analysis":{
		"Time":["230418","230419"],
		"Low":[50.4,50.4],
		"Median":[54.98,54.98],
		"High":[60.7,60.7]
	},
	"FinancialCalendar":{
		"Time":["210824","220329","220426","220823","230328","230425"],
		"Type":["Earnings Call","Earnings Call","Shareholder meeting","Earnings Call","Earnings Call","Shareholder meeting"]
	},
	"QuarterlySurpriseEPS":{
		"Time":["200101","200101","200101","200101","200101","200101","200101","200101","200205","200205","200505","200505","201025"],
		"Difference%":[-0.03,0.11,0.11433,0.107,0.04,0.02,0.07,0.15,0.00725,0.08,0.07,0.07,0.01461]
	},
	"Quotes":{
		"Time":["201127","201130","201201","201202","201203","201204","201207","201208","201209","201210","201211","201214","201215","201216","201217","201218","201221","201222","201223","201228","201229","201230","210104","210105","210106","210107","210108","210111","210112","210113","210114","210115","210118","210119","210120","210121","210122","210125","210126","210127","210128","210129","210201","210202","210203","210204","210205","210208","210209","210210","210211","210212","210215","210216","210217","210218","210219","210222","210223","210224","210225","210226","210301","210302","210303","210304","210305","210308","210309","210310","210311","210312","210315","210316","210317","210318","210319","210322","210323","210324","210325","210326","210329","210330","210331","210406","210407","210408","210409","210412","210413","210414","210415","210416","210419","210420","210421","210422","210423","210426","210427","210428","210429","210430","210503","210504","210505","210506","210507","210510","210511","210512","210514","210518","210519","210520","210521","210525","210526","210527","210528","210531","210601","210602","210603","210604","210607","210608","210609","210610","210611","210614","210615","210616","210617","210618","210621","210622","210623","210624","210625","210628","210629","210630","210701","210702","210705","210706","210707","210708","210709","210712","210713","210714","210715","210716","210719","210720","210721","210722","210723","210726","210727","210728","210729","210730","210802","210803","210804","210805","210806","210809","210810","210811","210812","210813","210816","210817","210818","210819","210820","210823","210824","210825","210826","210827","210830","210831","210901","210902","210903","210906","210907","210908","210909","210910","210913","210914","210915","210916","210917","210920","210921","210922","210923","210924","210927","210928","210929","210930","211001","211004","211005","211006","211007","211008","211011","211012","211013","211014","211015","211018","211019","211020","211021","211022","211025","211026","211027","211028","211029","211101","211102","211103","211104","211105","211108","211109","211110","211111","211112","211115","211116","211117","211118","211119","211122","211123","211124","211125","211126","211129","211130","211201","211202","211203","211206","211207","211208","211209","211210","211213","211214","211215","211216","211217","211220","211221","211222","211223","211227","211228","211229","211230","220103","220104","220105","220106","220107","220110","220111","220112","220113","220114","220117","220118","220119","220120","220121","220124","220125","220126","220127","220128","220131","220201","220202","220203","220204","220207","220208","220209","220210","220211","220214","220215","220216","220217","220218","220221","220222","220223","220224","220225","220228","220301","220302","220303","220304","220307","220308","220309","220310","220311","220314","220315","220316","220317","220318","220321","220322","220323","220324","220325","220328","220329","220330","220331","220401","220404","220405","220406","220407","220408","220411","220412","220413","220419","220420","220421","220422","220425","220426","220427","220428","220429","220502","220503","220504","220505","220506","220509","220510","220511","220512","220513","220516","220518","220519","220520","220523","220524","220525","220527","220530","220531","220601","220602","220603","220607","220608","220609","220610","220613","220614","220615","220616","220617","220620","220621","220622","220623","220624","220627","220628","220629","220630","220701","220704","220705","220706","220707","220708","220711","220712","220713","220714","220715","220718","220719","220720","220721","220722","220725","220726","220727","220728","220729","220801","220802","220803","220804","220805","220808","220809","220810","220811","220812","220815","220816","220817","220818","220819","220822","220823","220824","220825","220826","220829","220830","220831","220901","220902","220905","220906","220907","220908","220909","220912","220913","220914","220915","220916","220919","220920","220921","220922","220923","220926","220927","220928","220929","220930","221003","221004","221005","221006","221007","221010","221011","221012","221013","221014","221017","221018","221019","221020","221021","221024","221025","221026","221027","221028","221031","221101","221102","221103","221104","221107","221108","221109","221110","221111","221114","221115","221116","221117","221118","221121","221122","221123","221124","221125","221128","221129","221130","221201","221202","221205","221206","221207","221208","221209","221212","221213","221214","221215","221216","221219","221220","221221","221222","221223","221227","221228","221229","221230","230102","230103","230104","230105","230106","230109","230110","230111","230112","230113","230116","230117","230118","230119","230120","230123","230124","230125","230126","230127","230130","230131","230201","230202","230203","230206","230207","230208","230209","230210","230213","230214","230215","230216","230217","230220","230221","230222","230223","230224","230227","230228","230301","230302","230303","230306","230307","230308","230309","230310","230313","230314","230315","230316","230317","230320","230321","230322","230323","230324","230327","230328","230329","230330","230331","230403","230404","230405","230411","230412","230413","230414","230417","230418","230419","230420","230421","230424","230425","230426","230427","230428","230502","230503","230504","230505","230508","230509","230510","230511","230512"],