{
	"name":"ELO",
	"Analysis":{
		"Time":["230418","230419"],
		"Low":[24.05,24.05],
		"Median":[26.34,26.34],
		"High":[27.49,27.49]
	},
	"DividendsMS":{
		"X-day":[220513],
		"Payout date":[220519],
		"Announce date":[220223],
		"Amount NOK":["0.75"]
	},
	"FinancialCalendar":{
		"Time":["210824","210824","211013","211104","220223","220505","220512","220818","220901","221026","230221","230504","230511"],
		"Type":["Earnings Call","Earnings Call","Special Situation","Earnings Call","Earnings Call","Earnings Call","Shareholder meeting","Earnings Call","Presentation","Earnings Call","Earnings Call","Earnings Call","Shareholder meeting"]
	},
	"QuarterlySurpriseEPS":{
		"Time":["200205","200205","200205","200205","200505","200505","200725","200725","200725","200725","201025","201025","201025","201025"],
		"Difference%":["0.03","0.04","0","0.04","0.005","-0.06","0.02","0.01333","0.05","0.05","0.03","0.03667","0.04","0.01"]
	},
	"Quotes":{
		"Time":["210617","210618","210621","210622","210623","210624","210625","210628","210629","210630","210701","210702","210705","210706","210707","210708","210709","210712","210713","210714","210715","210716","210719","210720","210721","210722","210723","210726","210727","210728","210729","210730","210802","210803","210804","210805","210806","210809","210810","210811","210812","210813","210816","210817","210818","210819","210820","210823","210824","210825","210826","210827","210830","210831","210901","210902","210903","210906","210907","210908","210909","210910","210913","210914","210915","210916","210917","210920","210921","210922","210923","210924","210927","210928","210929","210930","211001","211004","211005","211006","211007","211008","211011","211012","211013","211014","211015","211018","211019","211020","211021","211022","211025","211026","211027","211028","211029","211101","211102","211103","211104","211105","211108","211109","211110","211111","211112","211115","211116","211117","211118","211119","211122","211123","211124","211125","211126","211129","211130","211201","211202","211203","211206","211207","211208","211209","211210","211213","211214","211215","211216","211217","211220","211221","211222","211223","211227","211228","211229","211230","220103","220104","220105","220106","220107","220110","220111","220112","220113","220114","220117","220118","220119","220120","220121","220124","220125","220126","220127","220128","220131","220201","220202","220203","220204","220207","220208","220209","220210","220211","220214","220215","220216","220217","220218","220221","220222","220223","220224","220225","220228","220301","220302","220303","220304","220307","220308","220309","220310","220311","220314","220315","220316","220317","220318","220321","220322","220323","220324","220325","220328","220329","220330","220331","220401","220404","220405","220406","220407","220408","220411","220412","220413","220419","220420","220421","220422","220425","220426","220427","220428","220429","220502","220503","220504","220505","220506","220509","220510","220511","220512","220513","220516","220518","220519","220520","220523","220524","220525","220527","220530","220531","220601","220602","220603","220607","220608","220609","220610","220613","220614","220615","220616","220617","220620","220621","220622","220623","220624","220627","220628","220629","220630","220701","220704","220705","220706","220707","220708","220711","220712","220713","220714","220715","220718","220719","220720","220721","220722","220725","220726","220727","220728","220729","220801","220802","220803","220804","220805","220808","220809","220810","220811","220812","220815","220816","220817","220818","220819","220822","220823","220824","220825","220826","220829","220830","220831","220901","220902","220905","220906","220907","220908","220909","220912","220913","220914","220915","220916","220919","220920","220921","220922","220923","220926","220927","220928","220929","220930","221003","221004","221005","221006","221007","221010","221011","221012","221013","221014","221017","221018","221019","221020","221021","221024","221025","221026","221027","221028","221031","221101","221102","221103","221104","221107","221108","221109","221110","221111","221114","221115","221116","221117","221118","221121","221122","221123","221124","221125","221128","221129","221130","221201","221202","221205","221206","221207","221208","221209","221212","221213","221214","221215","221216","221219","221220","221221","221222","221223","221227","221228","221229","221230","230102","230103","230104","230105","230106","230109","230110","230111","230112","230113","230116","230117","230118","230119","230120","230123","230124","230125","230126","230127","230130","230131","230201","230202","230203","230206","230207","230208","230209","230210","230213","230214","230215","230216","230217","230220","230221","230222","230223","230224","230227","230228","230301","230302","230303","230306","230307","230308","230309","230310","230313","230314","230315","230316","230317","230320","230321","230322","230323","230324","230327","230328","230329","230330","230331","230403","230404","230405","230411","230412","230413","230414","230417","230418","230419","230420","230421","230424","230425","230426","230427","230428","230502","230503","230504","230505","230508","230509","230510","230511","230512"],
		"Close":[28,28,28,27.5,27.06,27.2,27,26.68,27,27,27.185,26.965,27,26.91,26.555,25,25,26.12,25.865,25.96,25.325,24.8,24.32,24.5,24.995,27.7,27.6,27,27.05,26.7,26.8,26.75,27.145,27.14,27.1,28,28.2,28.5,28.955,29,29,28.8,28.18,28.03,27.755,28.275,28.76,28.95,28.105,28.115,27.295,27.205,27,27.25,27,27.45,27.5,27.55,27.495,26.8,26.31,26.38,26.545,26.37,26.4,26.7,26.265,26.2,25.8,26.5,26.2,26.58,26.84,27.085,26.92,27,27,27.195,27,26.71,26.75,26.75,26.94,26.09,26.305,25.935,25.765,25.5,25.415,25,25,25.5,25.015,25.265,25.245,24.74,24.3,24.7,24.7,24.615,26.58,26.3,27.455,27.125,26.9,27.9,27.735,27.46,27.495,27.1,26.6,26.805,26.975,26.805,26.805,26.76,27,26.65,26.155,25.875,25.96,25.75,25.46,25.89,26.365,26.315,25.87,25.345,25.735,26.43,26.795,26.495,25.155,25.02,25.395,25.25,25.32,26.055,26.5,26.795,26.175,26.7,26.675,26.5,26.29,25.795,25.925,25.9,25.75,26,25.7,25.25,25,24.835,24.375,22.62,22.31,22.475,22.505,21.865,22.5,22.5,22.2,21.875,21.72,21.4,21.18,21.335,21.46,21.55,21,21.21,21.215,21.26,20.72,20.42,20.24,20.03,19.728,19.7,19.998,19.032,18.18,17.2,16.75,16.1,16.7,17,17.382,16.982,16.782,16.954,17.086,17,16.8,16.546,16.11,16.174,15.7,15.5,15.6,16.044,15.552,14.93,15.1,14.9,14.66,14.4,14.38,14.4,14.6,14.44,14.5,14.68,14.74,14.64,14.78,14.28,14.1,13.86,14,13.98,14,14.1,14.4,15.52,15.32,17,17.5,16.42,16,15.2,15.04,15.8,15.54,15.9,15.92,16.22,15.86,15.88,16.8,16.74,16.62,16.36,16.42,16.52,17,17.06,16.96,17.3,16.38,16.8,16.28,16.78,16.42,16.34,16.78,16.2,16.52,16.9,16.54,16.5,16.22,16.28,16.4,16.3,15.92,16.42,16.02,16,16.44,16.7,16.4,16.62,16.62,16.62,17.5,17.42,17.3,17.5,17.96,18.3,17.76,18.36,18,18.04,18.44,18.82,19.04,19.24,18.9,18.8,19.12,19,19.18,19.6,19.48,19.5,21.2,20.5,19.86,20,19.92,19.9,19.5,19.76,20,19.94,20.05,19.7,19.54,19.3,19.5,20,20.45,20.35,20.2,20.5,20.15,20.75,20.2,20.4,19.9,20.05,20.25,20.4,19.52,19.6,19.56,19.66,20.15,20.6,20.45,20.5,20.1,20.3,20.1,20.3,20.05,20.35,20.75,20.85,20.55,20.5,20.6,21,22,22.6,22.7,23.45,23.45,23.7,22.95,23.25,23.2,23.5,23.3,23.7,24,23.9,23.4,23.95,23.75,23.6,23.4,23.4,24.05,24.65,24.75,24.1,24,24.95,24.8,24.3,24.45,24.2,23.4,22.9,23.2,24,24.25,24.45,24.25,24.05,24.4,24.4,24.3,24.6,24.45,24.7,24.95,25,25,24.1,24.05,24.45,24.1,24.05,24.1,24.25,23.9,24.75,24.1,24,23.25,24,23.85,24.35,24,23.7,23.45,23.95,23.95,23.45,23.9,24,24,23.75,23.55,22.7,24.5,24.7,23.5,23.3,23.15,23.15,22.8,23.9,23.2,23.55,22.55,23.3,22.95,22.95,23.1,23.15,23,22.85,22.95,23.7,24,23.95,23.4,23.55,23.6,23.3,23.1,24.1,24.5,23.5,23.5,23.2,22.7,22.15,22.35,22,22,21.75,21.5,21.9,22.3,22.25,23,23.05,22.8,22.6,22.55,23.1,23.95,24.3,23.9,24.5,24.95,24.55,23.95,24.75,23.85,25.2,24.6,25.2,25.25,25.25,24.95,24.1],