{
	"name":"EWIND",
	"Analysis":{
		"Time":["230418","230419"],
		"Low":[40.09,40.09],
		"Median":[40.09,40.09],
		"High":[40.09,40.09]
	},
	"FinancialCalendar":{
		"Time":["220215","220215","220503","220506","220817","221115","230224","230324","230512"],
		"Type":["Earnings Call","Earnings Call","Earnings Call","Shareholder meeting","Earnings Call","Earnings Call","Earnings Call","Shareholder meeting","Earnings Call"]
	},
	"QuarterlySurpriseEPS":{
		"Time":["200205","200205","200205","200205","200505","200505","200725","200725","201025","201025","201025"],
		"Difference%":["0.1","-0.12133","0.0431","0.10957","0.1","0.09955","0.169","0.09848","0","4.08348","0.10342"]
	},
	"Quotes":{
		"Time":["211126","211129","211130","211201","211202","211203","211206","211207","211208","211209","211210","211213","211214","211215","211216","211217","211220","211221","211222","211223","211227","211228","211229","211230","220103","220104","220105","220106","220107","220110","220111","220112","220113","220114","220117","220118","220119","220120","220121","220124","220125","220126","220127","220128","220131","220201","220202","220203","220204","220207","220208","220209","220210","220211","220214","220215","220216","220217","220218","220221","220222","220223","220224","220225","220228","220301","220302","220303","220304","220307","220308","220309","220310","220311","220314","220315","220316","220317","220318","220321","220322","220323","220324","220325","220328","220329","220330","220331","220401","220404","220405","220406","220407","220408","220411","220412","220413","220419","220420","220421","220422","220425","220426","220427","220428","220429","220502","220503","220504","220505","220506","220509","220510","220511","220512","220513","220516","220518","220519","220520","220523","220524","220525","220527","220530","220531","220601","220602","220603","220607","220608","220609","220610","220613","220614","220615","220616","220617","220620","220621","220622","220623","220624","220627","220628","220629","220630","220701","220704","220705","220706","220707","220708","220711","220712","220713","220714","220715","220718","220719","220720","220721","220722","220725","220726","220727","220728","220729","220801","220802","220803","220804","220805","220808","220809","220810","220811","220812","220815","220816","220817","220818","220819","220822","220823","220824","220825","220826","220829","220830","220831","220901","220902","220905","220906","220907","220908","220909","220912","220913","220914","220915","220916","220919","220920","220921","220922","220923","220926","220927","220928","220929","220930","221003","221004","221005","221006","221007","221010","221011","221012","221013","221014","221017","221018","221019","221020","221021","221024","221025","221026","221027","221028","221031","221101","221102","221103","221104","221107","221108","221109","221110","221111","221114","221115","221116","221117","221118","221121","221122","221123","221124","221125","221128","221129","221130","221201","221202","221205","221206","221207","221208","221209","221212","221213","221214","221215","221216","221219","221220","221221","221222","221223","221227","221228","221229","221230","230102","230103","230104","230105","230106","230109","230110","230111","230112","230113","230116","230117","230118","230119","230120","230123","230124","230125","230126","230127","230130","230131","230201","230202","230203","230206","230207","230208","230209","230210","230213","230214","230215","230216","230217","230220","230221","230222","230223","230224","230227","230228","230301","230302","230303","230306","230307","230308","230309","230310","230313","230314","230315","230316","230317","230320","230321","230322","230323","230324","230327","230328","230329","230330","230331","230403","230404","230405","230411","230412","230413","230414","230417","230418","230419","230420","230421","230424","230425","230426","230427","230428","230502","230503","230504","230505","230508","230509","230510","230511","230512"],
		"Close":[31.34,30.85,31.44,33.5,30.99,31.42,31.225,30.91,30.95,30.875,30.85,31.16,31,31,30.98,30.75,30.945,30.85,31.065,31.51,32.43,33.81,33.1,33.9,35.5,33.6,34.25,34,34.005,32,32.015,31.345,31.34,30.295,30.55,30.3,29.8,30.8,30.1,28.505,28.5,29,28.9,28.6,30.015,29.7,30,30.45,29.5,30.14,29.9,30,30.1,30.9,29.6,29.855,29.35,29.605,30.115,29.195,29.25,28.75,28,28.5,30.215,30.6,31.115,30.105,29.985,28.6,29.145,30,30.02,31,30.3,30.2,29.75,30.075,30.65,30.39,30.995,30.02,30.2,30.035,30.5,30.76,31.03,30.82,30.3,30.3,30,29.45,29.65,29.4,30,29.95,29.75,30,30,31,30.7,29.35,29.4,28.05,29,28.8,28.1,29.3,29.65,29.35,28.6,28.1,28,28.4,26.95,27.15,27.7,28.8,28.15,29.6,29.6,29.2,28.5,29.75,29.45,29.5,29.7,28.9,29,29.3,29,28.5,28.8,29,28.8,28.3,28,28.4,28,28.2,28,28,27.8,28,27.6,28,29,27.4,27.15,27.5,27,27.1,27.5,27.6,27.5,27.75,27.5,27.5,27.5,27.2,27.5,27.15,27.1,27.2,26.65,26.55,26.1,26,26.35,25.6,25.9,25,25.5,25.3,25.3,25.35,25.8,25.9,25.6,24.85,23.8,24.2,23.8,23.5,23.5,23.55,23.65,23.75,23.3,23.25,22.95,21.9,21.6,21,20.65,20.7,20.55,21.45,22.35,23.5,22.75,22.75,22.8,22.15,22.8,23.5,22.25,22.1,21.8,22.5,21.7,22.7,22.45,22.6,23,23.35,23.15,23.1,23.05,23.05,23,23,23,23.2,23.45,23.25,23,23,23.75,24.45,25.75,25.7,27,27.3,27.2,28.2,27.5,27.5,27.8,27.75,27.65,27.5,27.85,27.9,28,28.6,28.25,27.85,27.9,27.5,28.25,28.25,28.5,28.1,28.7,28.4,27.75,27,26.5,27.85,25.9,25.1,25,25.35,25.25,24.9,25.2,25,25,26.3,27.1,27.05,27.45,27,27.3,27.25,27.65,27.2,27.3,27,27.5,27,26.6,26.1,26.85,27,27,26.6,26.95,26.4,26.95,26.5,26.75,26.8,26.5,26.7,26.7,27.2,27.3,27.35,27,27,26.5,27,26.85,27.1,27,27,26.75,26.9,26.2,26.6,26.8,26.65,26.4,27,27,27.2,27.35,27,27.1,24.65,25.2,24.85,25.2,25.5,24.95,24.5,24.5,23,23.2,23.8,23.8,24.25,23.4,23.4,22.5,22.45,21.85,23.1,23.8,23.95,23.5,23.25,23.9,23.05,23.05,23.2,23.45,24.1,24,23.5,23.55,24,23.8,23.55,23.5,23.45,24,23,22.4,22.2,23,23,22.4,22.4,22,22.3],