{
	"name":"GCC",
	"Analysis":{
		"Time":["230418","230419"],
		"Low":[210.79,210.79],
		"Median":[235.95,235.95],
		"High":[249.99,249.99]
	},
	"DividendsMS":{
		"X-day":[220513,220829,221109,230303],
		"Payout date":[220609,220909,221121,230309],
		"Announce date":[220428,220812,221024,230209],
		"Amount NOK":["0.35","0.9","1.19","1.75"]
	},
	"FinancialCalendar":{
		"Time":["221104","221104","221108","230209","230421","230512"],
		"Type":["Earnings Call","Earnings Call","Shareholder meeting","Earnings Call","Earnings Call","Shareholder meeting"]
	},
	"QuarterlySurpriseEPS":{
		"Time":["200205","200205","200205","200205","200505","200505","200725","200725","201025","201025","201025","201025"],
		"Difference%":[-0.025,0.43644,-0.08,0.34,0.12994,0.07,0.1907,0.19,0,0.33598,0,0.23]
	},
	"Quotes":{
		"Time":["220131","220201","220202","220203","220204","220207","220208","220209","220210","220211","220214","220215","220216","220217","220218","220221","220222","220223","220224","220225","220228","220301","220302","220303","220304","220307","220308","220309","220310","220311","220314","220315","220316","220317","220318","220321","220322","220323","220324","220325","220328","220329","220330","220331","220401","220404","220405","220406","220407","220408","220411","220412","220413","220419","220420","220421","220422","220425","220426","220427","220428","220429","220502","220503","220504","220505","220506","220509","220510","220511","220512","220513","220516","220518","220519","220520","220523","220524","220525","220527","220530","220531","220601","220602","220603","220607","220608","220609","220610","220613","220614","220615","220616","220617","220620","220621","220622","220623","220624","220627","220628","220629","220630","220701","220704","220705","220706","220707","220708","220711","220712","220713","220714","220715","220718","220719","220720","220721","220722","220725","220726","220727","220728","220729","220801","220802","220803","220804","220805","220808","220809","220810","220811","220812","220815","220816","220817","220818","220819","220822","220823","220824","220825","220826","220829","220830","220831","220901","220902","220905","220906","220907","220908","220909","220912","220913","220914","220915","220916","220919","220920","220921","220922","220923","220926","220927","220928","220929","220930","221003","221004","221005","221006","221007","221010","221011","221012","221013","221014","221017","221018","221019","221020","221021","221024","221025","221026","221027","221028","221031","221101","221102","221103","221104","221107","221108","221109","221110","221111","221114","221115","221116","221117","221118","221121","221122","221123","221124","221125","221128","221129","221130","221201","221202","221205","221206","221207","221208","221209","221212","221213","221214","221215","221216","221219","221220","221221","221222","221223","221227","221228","221229","221230","230102","230103","230104","230105","230106","230109","230110","230111","230112","230113","230116","230117","230118","230119","230120","230123","230124","230125","230126","230127","230130","230131","230201","230202","230203","230206","230207","230208","230209","230210","230213","230214","230215","230216","230217","230220","230221","230222","230223","230224","230227","230228","230301","230302","230303","230306","230307","230308","230309","230310","230313","230314","230315","230316","230317","230320","230321","230322","230323","230324","230327","230328","230329","230330","230331","230403","230404","230405","230411","230412","230413","230414","230417","230418","230419","230420","230421","230424","230425","230426","230427","230428","230502","230503","230504","230505","230508","230509","230510","230511","230512"],
		"Close":[55.5,60,63.03,63.9,71,69.5,68.2,72.6,77,77.11,75,80,83,83,81.6,78.26,79.8,77.55,76.4,77.5,77,87,83,84.1,82,75.08,73.5,74.05,75,79,82,82,83.58,82.5,83.98,85,83.75,88.44,83,83.7,88.5,89.61,97.53,110,114,110,104.74,102.48,102.5,104.6,105.12,100,98.87,102.2,103.02,106.5,104.48,99.87,100.02,106.72,102,100,97.36,91.79,96.74,96,99,95,97,93.48,88.95,94.67,91.15,93.33,91,91.8,94.29,92,95,93.9,101.46,100,99.97,100.68,100.5,101.26,97,94,92.71,96,95.6,94.15,90.38,91.43,94.7,93.42,95.85,90.74,93.19,91.49,89.28,89.1,85.88,88,91.91,94.04,92,92,89.5,91.31,94.98,91,91.39,94.1,96.92,97,96.99,98.18,97.1,98,98,95.6,97,88.51,96.12,99,98.99,96.8,97.5,98.99,96,96.32,98.75,104.52,107.02,109.8,108,111,108.78,105.4,106.52,109.86,109.6,108,106.02,107.14,115.18,114,119,118.02,118.5,119.12,118,123,127,122.22,132.36,131,126.12,122.96,141,145,142.74,147.8,146.18,151.6,147.8,151,154.98,151.02,148.14,146.32,148.06,152.12,153.2,149.74,157.88,153.52,158.14,158.06,164.64,167.06,158.32,161,164.74,166,167.5,163.84,164.62,180.7,185,192,200,182.3,189.64,184.98,172.54,170,167.1,168.28,156.82,160,161.44,156.02,158.76,155.6,158.8,157.62,158.2,161.12,160,165,159.1,160.04,160.34,159,153.14,153.84,157.7,158.86,156,152.42,159.62,159.36,159.16,162.58,160.92,160.18,164.6,165.74,163.54,163.7,162.12,164.5,163.5,156,156.84,164.96,164.62,167.5,171.42,159.8,162,157.8,160.2,160.4,161.62,161,154,151.2,140.04,139.08,140.7,141,143.6,149.82,139.6,138.7,140.04,146.6,143.06,143.84,141.94,139.94,139.32,138.96,140.88,143,152.02,148.18,148.56,152.28,156,151.02,152,149,147,145.22,151.7,153.04,152.6,153.34,153.76,148.22,155.2,151.08,147.32,147.5,148.66,150.58,148.52,146,140,142.8,139.98,139.6,141.2,142.12,138.4,140,142.8,148.8,150.6,151,148,153.6,158,161.4,162.6,168,177,175,176.6,174.2,178.6,171.8,169,162.2,164.4,169,172.6,173,177,175.6],
		"Volume":[533658,243982,189124,102163,469551,160505,33498,103718,99269,52574,114783,80132,132288,50247,37246,44106,74562,12415,81827,26255,36433,296760,172863,117554,54999,113313,43750,64091,189433,100471,98182,17528,163232,21261,12527,205746,23148,99292,52667,12107,59097,40218,277946,112391,203333,166145,47465,49351,48078,13947,8516,16831,4747,32618,39614,18346,23628,113751,47660,27520,40914,44225,57391,73007,31155,36736,33388,24356,33480,18344,11948,28316,21900,23890,14431,10495,98474,59492,70324,23276,110076,66666,71838,35292,14482,23617,79225,43919,9906,141616,22137,11679,36603,22148,6434,10870,7880,6311,18019,19207,88245,39094,64102,22299,7944,26583,9280,15206,3852,2960,211,5880,18463,15280,24185,11868,19832,13320,6317,15839,14188,15495,3082,15633,11196,17232,108402,7913,10506,14305,12525,103093,59011,204625,22372,22807,19848,95385,68345,18366,218021,10184,7996,92115,54814,30264,92023,17405,40175,49600,31544,12991,39830,8242,14377,35205,106607,8594,15635,25142,202602,169574,168676,55222,45372,24995,94896,35455,25763,17396,50373,10636,45955,71126,20587,34930,30981,40369,24791,20503,110001,79917,57865,49191,38933,64146,35328,58661,64322,142530,154303,560062,137584,186276,63881,64845,2172544,214734,271808,99774,151132,159648,68316,85824,80261,109756,121794,60686,63011,158103,100801,137763,70753,75142,77864,57515,50003,25892,43340,29287,36028,28953,78743,42832,291589,82011,120551,61358,61928,49663,58120,32847,43755,54479,35564,167494,59356,63507,27539,43205,70908,133152,73112,24800,42308,24805,13120,31040,101499,120790,177832,94486,31814,69224,139106,103672,29126,65487,65802,82737,84677,546264,55944,62408,44112,45643,64605,28067,101178,98146,44596,34974,144973,64475,37122,52713,24170,13797,116908,51202,808465,54671,59148,172654,65220,90836,35909,36334,46343,25112,11432,26826,55991,75114,52749,19386,15299,45796,28706,65403,13362,45869,35510,14068,36521,73573,63797,131273,188842,274747,206061,102445,100010,76597,39282,54898,63688,98915,39185,43471,59730,41639,38129,33411]
	},
	"Finances":{
		"Time":["230418"],
		"Currency":["USD"]
	},
	"NewsDN":{
		"Time":["230902"],
		"Author":["Jonas Solgård"],
		"Title":["Resultatløft for Gram Car Carriers – øker utbyttet"]
	},

	"updated":"5/15/23 10:24:01",
	"currency":"NOK"
}