{
	"name":"VAR",
	"Analysis":{
		"Time":["230418","230419"],
		"Low":[24.32,24.32],
		"Median":[39.52,39.52],
		"High":[48.64,48.64]
	},
	"DividendsMS":{
		"X-day":[220505,220804,221102,230224],
		"Payout date":[220512,220811,221109,230303],
		"Announce date":[220427,220726,221025,230216],
		"Amount NOK":["0.83","1.02","1.23","1.23"]
	},
	"FinancialCalendar":{
		"Time":["220301","220301","220427","220504","220726","221025","230216","230424","230504"],
		"Type":["Earnings Call","Earnings Call","Earnings Call","Shareholder meeting","Earnings Call","Earnings Call","Earnings Call","Earnings Call","Shareholder meeting"]
	},
	"QuarterlySurpriseEPS":{
		"Time":["200205","200205","200505","200505","200505","200505","200725","200725","201025","201025"],
		"Difference%":["0.26996","0.2","0.20138","0.11148","0.11148","0.17","0.16425","0.02","0.16425","-0.01"]
	},
	"Quotes":{
		"Time":["220216","220217","220218","220221","220222","220223","220224","220225","220228","220301","220302","220303","220304","220307","220308","220309","220310","220311","220314","220315","220316","220317","220318","220321","220322","220323","220324","220325","220328","220329","220330","220331","220401","220404","220405","220406","220407","220408","220411","220412","220413","220419","220420","220421","220422","220425","220426","220427","220428","220429","220502","220503","220504","220505","220506","220509","220510","220511","220512","220513","220516","220518","220519","220520","220523","220524","220525","220527","220530","220531","220601","220602","220603","220607","220608","220609","220610","220613","220614","220615","220616","220617","220620","220621","220622","220623","220624","220627","220628","220629","220630","220701","220704","220705","220706","220707","220708","220711","220712","220713","220714","220715","220718","220719","220720","220721","220722","220725","220726","220727","220728","220729","220801","220802","220803","220804","220805","220808","220809","220810","220811","220812","220815","220816","220817","220818","220819","220822","220823","220824","220825","220826","220829","220830","220831","220901","220902","220905","220906","220907","220908","220909","220912","220913","220914","220915","220916","220919","220920","220921","220922","220923","220926","220927","220928","220929","220930","221003","221004","221005","221006","221007","221010","221011","221012","221013","221014","221017","221018","221019","221020","221021","221024","221025","221026","221027","221028","221031","221101","221102","221103","221104","221107","221108","221109","221110","221111","221114","221115","221116","221117","221118","221121","221122","221123","221124","221125","221128","221129","221130","221201","221202","221205","221206","221207","221208","221209","221212","221213","221214","221215","221216","221219","221220","221221","221222","221223","221227","221228","221229","221230","230102","230103","230104","230105","230106","230109","230110","230111","230112","230113","230116","230117","230118","230119","230120","230123","230124","230125","230126","230127","230130","230131","230201","230202","230203","230206","230207","230208","230209","230210","230213","230214","230215","230216","230217","230220","230221","230222","230223","230224","230227","230228","230301","230302","230303","230306","230307","230308","230309","230310","230313","230314","230315","230316","230317","230320","230321","230322","230323","230324","230327","230328","230329","230330","230331","230403","230404","230405","230411","230412","230413","230414","230417","230418","230419","230420","230421","230424","230425","230426","230427","230428","230502","230503","230504","230505","230508","230509","230510","230511","230512"],
		"Close":[27.72,27.4,25.6,27.345,29.15,29,32.05,30.265,30.645,33,34.77,33.355,34.325,34,34.84,31.935,30.185,30.6,29.52,29.36,29.555,31.665,31.465,33.39,34,36.25,35.98,36.8,36.21,35.45,37.08,36.9,38.2,38,38.13,38,37.935,38.54,37,37.9,39.75,40.005,39.795,40.2,39.9,37.715,38.205,38.87,40,40.095,39.395,40.115,41.2,41.5,40.175,36.855,36.595,38.19,39.165,39.08,38.9,40.095,39.3,39.65,40.68,40.16,41.31,42,42.815,44.61,44.38,43.835,44.48,44.34,45.865,41.895,41.33,38.63,40.4,40.35,39.735,38.71,39.225,39.8,38.92,38.06,38.16,39.675,39.825,39.755,38.655,37.435,39.095,37.88,35.54,36.64,36.4,37.255,36.17,36.235,34.78,36.3,37.44,37.145,37.7,35.785,37.075,37.13,38.23,37.615,38.55,38.64,38.495,38.475,38.855,36.67,36.79,37.8,38.53,38.4,39.87,40.3,39.195,40.1,39.62,40.375,40.515,41.485,43.42,44.425,45.5,45.815,45.5,43.7,43.06,43.6,42.58,43.75,40.81,38.755,38.64,38.45,37.455,37.7,38.65,37.85,37.64,35.515,35.635,35.755,35.89,33.235,33.35,34.705,36,34.625,35.49,36.095,35.78,35.6,36.335,36.48,35.8,32.38,32.39,33.09,32.575,32.835,32.44,32.755,33.98,33.75,33.03,32.555,33.645,35.285,35.74,35.45,36,34.5,35.235,35.94,36.25,35.355,34.605,34.84,34.71,35.04,35,34.555,34.195,33.145,32.78,34.82,35.29,35.2,35.395,34.86,35.72,36.1,36.6,35.875,35.835,34.825,34.37,34.48,33.835,34.165,34.74,34.455,34.16,33.705,33.485,33.715,34.165,33.675,33.97,34.04,33.25,33.725,33.605,34.42,32.765,31.955,31.955,32.54,32.89,31.91,31.54,31.73,31.37,30.545,31.735,31.28,30.595,30.84,31.49,30.57,30.035,29.91,31,30.49,30.24,30.09,29.5,30.195,29.65,29.86,30.76,30.91,31.47,30.89,31.33,30.745,30.325,29.49,29.845,29.52,29.28,29.79,28.6,29.105,29.605,29.65,29.86,29.7,29.36,29.195,28.7,28.6,28.58,27.945,27.875,25.76,25.38,25.445,25.585,25.745,25.68,25.6,24.62,24.825,25.145,25,25.07,25.52,27.1,26.66,26.45,26.15,26.3,26.17,25.75,26.15,25.67,25.19,25.29,25.25,26.86,27.39,26.47,26.95,27.9,27.24,25.73,26.01,26.57,27.04,26.74,26.88,26.84,27.27],